"","X","model_scenario","temp","Value","L","share2030","u2030","Value2040","nuclear_value","wind_value","solar_value","group"
"1",1,"AIM/CGE 2.0_SSP1-26","2.0°C",34.67,9219.4939,0.164523731987438,44.0767449607964,1336.2654,37.8042633159259,29.9583390275167,46.7758566576754,"below solar"
"2",7,"AIM/CGE 2.1_CD-LINKS_NPi2020_1000","2.0°C",165.1229,25642.0757,0.783577610169843,41.9544439421155,5486.5234,31.0432042198686,26.111302575684,32.001655934855,"above"
"3",47,"COFFEE 1.1_CO_2Deg2030","2.0°C",34.67,23622.737095,0.164523731987438,53.7474789051856,2558.785451,37.8042633159259,29.9583390275167,46.7758566576754,"above"
"4",50,"COFFEE 1.1_EN_INDCi2030_1000","2.0°C",34.67,17343.495728,0.164523731987438,56.0320606394723,2965.461446,37.8042633159259,29.9583390275167,46.7758566576754,"above"
"5",51,"COFFEE 1.1_EN_INDCi2030_1000_NDCp","2.0°C",34.67,17339.673943,0.164523731987438,57.6101881646144,3279.417553,37.8042633159259,29.9583390275167,46.7758566576754,"above"
"6",53,"COFFEE 1.1_EN_INDCi2030_1200","2.0°C",34.67,16904.89715375,0.164523731987438,52.6607878445579,2383.57507317,37.8042633159259,29.9583390275167,46.7758566576754,"above"
"7",63,"COFFEE 1.1_EN_INDCi2030_400f","1.5°C",34.67,25489.044897,0.164523731987438,57.715515837177,3301.399255,37.8042633159259,29.9583390275167,46.7758566576754,"above"
"8",64,"COFFEE 1.1_EN_INDCi2030_500","2.0°C",34.67,17199.034708,0.164523731987438,61.9387417136498,4299.930597,37.8042633159259,29.9583390275167,46.7758566576754,"above"
"9",65,"COFFEE 1.1_EN_INDCi2030_500f","1.5°C",34.67,25450.620208,0.164523731987438,55.7120375399581,2905.197875,37.8042633159259,29.9583390275167,46.7758566576754,"above"
"10",66,"COFFEE 1.1_EN_INDCi2030_600","2.0°C",34.67,16995.702096,0.164523731987438,61.9095479860735,4292.185124,37.8042633159259,29.9583390275167,46.7758566576754,"above"
"11",67,"COFFEE 1.1_EN_INDCi2030_600_NDCp","2.0°C",34.67,17323.932982,0.164523731987438,61.9992595848524,4316.02685,37.8042633159259,29.9583390275167,46.7758566576754,"above"
"12",68,"COFFEE 1.1_EN_INDCi2030_600f","2.0°C",34.67,23567.811438,0.164523731987438,53.7474789051856,2558.785451,37.8042633159259,29.9583390275167,46.7758566576754,"above"
"13",69,"COFFEE 1.1_EN_INDCi2030_700","2.0°C",34.67,17241.461025,0.164523731987438,61.5304447677578,4192.738057,37.8042633159259,29.9583390275167,46.7758566576754,"above"
"14",70,"COFFEE 1.1_EN_INDCi2030_700f","2.0°C",34.67,23625.351569,0.164523731987438,52.3664863884204,2338.020791,37.8042633159259,29.9583390275167,46.7758566576754,"above"
"15",71,"COFFEE 1.1_EN_INDCi2030_800","2.0°C",34.67,17343.495728,0.164523731987438,56.0320606394723,2965.461446,37.8042633159259,29.9583390275167,46.7758566576754,"above"
"16",72,"COFFEE 1.1_EN_INDCi2030_800f","2.0°C",34.67,23809.240616,0.164523731987438,50.6525946501107,2087.949545,37.8042633159259,29.9583390275167,46.7758566576754,"above"
"17",73,"COFFEE 1.1_EN_INDCi2030_900","2.0°C",34.67,16972.58974462,0.164523731987438,58.2575356248626,3416.62904134,37.8042633159259,29.9583390275167,46.7758566576754,"above"
"18",74,"COFFEE 1.1_EN_INDCi2030_900f","2.0°C",34.67,23782.60157,0.164523731987438,49.5233479596716,1936.618021,37.8042633159259,29.9583390275167,46.7758566576754,"above"
"19",77,"COFFEE 1.1_EN_NPi2020_1200","2.0°C",134.834966,16691.107501,0.639848624422246,28.9639364661716,1715.873787,31.9154639569613,27.3378064555612,33.9870198001547,"below nuclear"
"20",96,"COFFEE 1.1_EN_NPi2020_700f","2.0°C",311.177133,23868.884689,1.47666637526136,20.9718685132595,2088.582153,28.3217757684003,22.9140443844613,NA,"below wind"
"21",98,"COFFEE 1.1_EN_NPi2020_800f","2.0°C",130.848267,23942.235734,0.620930060886319,29.2787045405135,1706.231244,32.0302765757952,27.4992470408253,34.3330804039466,"below nuclear"
"22",100,"COFFEE 1.1_EN_NPi2020_900f","2.0°C",36.622356,23911.424402,0.173788482356289,45.9425492337057,1605.334576,37.6592597056382,30.3156107814386,46.3636401551505,"below solar"
"23",102,"GCAM 5.3_NGFS2_Below 2°C","2.0°C",115.0102335,12311.60274,0.545771930549946,35.3111892372083,2366.32066,32.4871931359243,27.1756037874693,35.7078818213312,"below solar"
"24",103,"GCAM 5.3_NGFS2_Delayed Transition","2.0°C",34.67,11236.37058,0.164523731987438,59.7723681655351,3758.119328,37.8042633159259,29.9583390275167,46.7758566576754,"above"
"25",136,"GEM-E3_V2021_EN_INDCi2030_1000","2.0°C",34.67,16116.3216221817,0.164523731987438,55.4848214607888,2863.08231650338,37.8042633159259,29.9583390275167,46.7758566576754,"above"
"26",137,"GEM-E3_V2021_EN_INDCi2030_1000_COV","2.0°C",34.67,15046.94480739,0.164523731987438,54.2095566672649,2636.73648056407,37.8042633159259,29.9583390275167,46.7758566576754,"above"
"27",138,"GEM-E3_V2021_EN_INDCi2030_1000_COV_NDCp","2.0°C",34.67,15139.3069764403,0.164523731987438,53.1501946953461,2461.10064447398,37.8042633159259,29.9583390275167,46.7758566576754,"above"
"28",139,"GEM-E3_V2021_EN_INDCi2030_1000_NDCp","2.0°C",34.67,16321.7677388514,0.164523731987438,55.0850568153381,2790.31591720891,37.8042633159259,29.9583390275167,46.7758566576754,"above"
"29",140,"GEM-E3_V2021_EN_INDCi2030_1000f","2.0°C",34.67,16112.6277683252,0.164523731987438,52.7163317490412,2392.26165485634,37.8042633159259,29.9583390275167,46.7758566576754,"above"
"30",141,"GEM-E3_V2021_EN_INDCi2030_1000f_COV","2.0°C",34.67,15053.1848866608,0.164523731987438,51.7405207719614,2243.72457091394,37.8042633159259,29.9583390275167,46.7758566576754,"above"
"31",142,"GEM-E3_V2021_EN_INDCi2030_1000f_COV_NDCp","2.0°C",34.67,15067.4499075051,0.164523731987438,51.5717397799774,2218.89216939871,37.8042633159259,29.9583390275167,46.7758566576754,"above"
"32",143,"GEM-E3_V2021_EN_INDCi2030_1000f_NDCp","2.0°C",34.67,16210.3848614277,0.164523731987438,52.586020844833,2371.9269933985,37.8042633159259,29.9583390275167,46.7758566576754,"above"
"33",144,"GEM-E3_V2021_EN_INDCi2030_1400","2.0°C",34.67,16191.2192153283,0.164523731987438,49.4126087189366,1922.32284383392,37.8042633159259,29.9583390275167,46.7758566576754,"above"
"34",145,"GEM-E3_V2021_EN_INDCi2030_1400f","2.0°C",34.67,16518.0693709949,0.164523731987438,49.4126087189366,1922.32284383392,37.8042633159259,29.9583390275167,46.7758566576754,"above"
"35",148,"GEM-E3_V2021_EN_INDCi2030_600f","1.5°C",34.67,15172.4783087274,0.164523731987438,57.3603656146132,3227.80582706955,37.8042633159259,29.9583390275167,46.7758566576754,"above"
"36",149,"GEM-E3_V2021_EN_INDCi2030_600f_COV","1.5°C",34.67,14026.5396369873,0.164523731987438,55.729286024263,2908.41761617812,37.8042633159259,29.9583390275167,46.7758566576754,"above"
"37",150,"GEM-E3_V2021_EN_INDCi2030_600f_COV_NDCp","1.5°C",34.67,14030.4718767154,0.164523731987438,55.7095609653101,2904.73584106957,37.8042633159259,29.9583390275167,46.7758566576754,"above"
"38",151,"GEM-E3_V2021_EN_INDCi2030_600f_NDCp","1.5°C",34.67,15183.3883664004,0.164523731987438,57.2397260767826,3203.14521136055,37.8042633159259,29.9583390275167,46.7758566576754,"above"
"39",152,"GEM-E3_V2021_EN_INDCi2030_800","2.0°C",34.67,15193.91436319,0.164523731987438,58.7455193395137,3523.45396388424,37.8042633159259,29.9583390275167,46.7758566576754,"above"
"40",153,"GEM-E3_V2021_EN_INDCi2030_800f","1.5°C",34.67,15432.2085094307,0.164523731987438,56.1223176106121,2982.6599213332,37.8042633159259,29.9583390275167,46.7758566576754,"above"
"41",154,"GEM-E3_V2021_EN_NPi2020_1000","2.0°C",34.67,16387.9230663633,0.164523731987438,52.6588830275227,2383.27768052929,37.8042633159259,29.9583390275167,46.7758566576754,"above"
"42",155,"GEM-E3_V2021_EN_NPi2020_1000_COV","2.0°C",34.67,15072.9295837569,0.164523731987438,51.1339706180537,2155.6327109899,37.8042633159259,29.9583390275167,46.7758566576754,"above"
"43",156,"GEM-E3_V2021_EN_NPi2020_1000f","2.0°C",34.67,16254.933142798,0.164523731987438,51.9562670350246,2275.83096843931,37.8042633159259,29.9583390275167,46.7758566576754,"above"
"44",157,"GEM-E3_V2021_EN_NPi2020_1000f_COV","2.0°C",34.67,15201.5970092927,0.164523731987438,50.9485631657217,2129.33344856889,37.8042633159259,29.9583390275167,46.7758566576754,"above"
"45",159,"GEM-E3_V2021_EN_NPi2020_1400f","2.0°C",34.67,16522.4739113936,0.164523731987438,51.0851184499636,2148.6750239584,37.8042633159259,29.9583390275167,46.7758566576754,"above"
"46",162,"GEM-E3_V2021_EN_NPi2020_400f","1.5°C",34.67,15721.7652879812,0.164523731987438,55.4823201849524,2862.62176735453,37.8042633159259,29.9583390275167,46.7758566576754,"above"
"47",163,"GEM-E3_V2021_EN_NPi2020_500","1.5°C",34.67,14765.4132633419,0.164523731987438,59.3735697945435,3665.36177475038,37.8042633159259,29.9583390275167,46.7758566576754,"above"
"48",164,"GEM-E3_V2021_EN_NPi2020_500f","1.5°C",34.67,15772.2841972781,0.164523731987438,54.8966533651164,2756.60277075391,37.8042633159259,29.9583390275167,46.7758566576754,"above"
"49",165,"GEM-E3_V2021_EN_NPi2020_600","1.5°C",34.67,15819.118987564,0.164523731987438,58.7293817527057,3519.87376580958,37.8042633159259,29.9583390275167,46.7758566576754,"above"
"50",166,"GEM-E3_V2021_EN_NPi2020_600_COV","1.5°C",34.67,13935.4594409657,0.164523731987438,56.9247926036749,3139.56497268307,37.8042633159259,29.9583390275167,46.7758566576754,"above"
"51",167,"GEM-E3_V2021_EN_NPi2020_600f","1.5°C",34.67,15811.8857519428,0.164523731987438,54.6873497892437,2719.57994899275,37.8042633159259,29.9583390275167,46.7758566576754,"above"
"52",168,"GEM-E3_V2021_EN_NPi2020_600f_COV","1.5°C",34.67,14109.1665212102,0.164523731987438,54.3535317658563,2661.45760125154,37.8042633159259,29.9583390275167,46.7758566576754,"above"
"53",169,"GEM-E3_V2021_EN_NPi2020_800","2.0°C",34.67,16085.4251635375,0.164523731987438,55.2709149779274,2823.93674069394,37.8042633159259,29.9583390275167,46.7758566576754,"above"
"54",170,"GEM-E3_V2021_EN_NPi2020_800f","2.0°C",34.67,16029.7831821288,0.164523731987438,52.6527074088359,2382.31373170116,37.8042633159259,29.9583390275167,46.7758566576754,"above"
"55",171,"IMAGE 3.0.1_CD-LINKS_INDC2030i_1600","2.0°C",216.946692293277,23248.5625768701,1.02950330136776,25.1897007025645,2051.34659291555,29.4312213273394,25.388996481124,30.1914704723113,"below wind"
"56",172,"IMAGE 3.0.1_CD-LINKS_NDC2030i_1000","2.0°C",146.105589539123,20294.2436113954,0.693332473469895,31.7105713983142,2295.47818331048,31.5908821903375,26.8814047908134,33.0086869019199,"below solar"
"57",198,"IMAGE 3.0_CO_Bridge","2.0°C",229.43474984883,22581.1042872568,1.08876438686858,34.2999639656744,4379.4357329607,29.0228380568161,24.8962243838083,NA,"above"
"58",224,"IMAGE 3.2_SSP1_SPA1_26I_LI","2.0°C",351.450976404336,14334.0979368108,1.66778270114422,22.0034550430107,2567.94697317978,28.0679153922857,22.1835401865896,NA,"below wind"
"59",225,"IMAGE 3.2_SSP1_SPA1_26I_LIRE","2.0°C",359.608042629842,26206.1913533987,1.70649141119582,17.6784360207985,1831.46352927397,27.9965251140989,22.0355838303952,NA,"below wind"
"60",280,"MESSAGEix-GLOBIOM 1.0_LowEnergyDemand_1.3_IPCC","1.5°C",34.67,34.67,0.164523731987438,0,34.67,37.8042633159259,29.9583390275167,46.7758566576754,"below wind"
"61",281,"MESSAGEix-GLOBIOM_1.1_EN_INDCi2030_1000","2.0°C",34.67,14797.863798271,0.164523731987438,48.887727759688,1855.84995953336,37.8042633159259,29.9583390275167,46.7758566576754,"above"
"62",282,"MESSAGEix-GLOBIOM_1.1_EN_INDCi2030_1000_COV","2.0°C",34.67,14247.1878547908,0.164523731987438,46.8926074358567,1621.63549065311,37.8042633159259,29.9583390275167,46.7758566576754,"above"
"63",283,"MESSAGEix-GLOBIOM_1.1_EN_INDCi2030_1000_COV_NDCp","2.0°C",39.6516115154957,14110.87328331,0.188163573863438,44.6365858352649,1588.70206235255,37.4342735933561,30.3349692446953,45.7240492640159,"below solar"
"64",284,"MESSAGEix-GLOBIOM_1.1_EN_INDCi2030_1000_NDCp","2.0°C",55.0965088381155,14651.0276445982,0.261456107687499,41.7162003475388,1800.19303599348,36.1532601649417,30.1126019186402,42.6154965309782,"below solar"
"65",285,"MESSAGEix-GLOBIOM_1.1_EN_INDCi2030_1000f","2.0°C",34.67,10518.9047679975,0.164523731987438,44.441611527654,1370.49385781023,37.8042633159259,29.9583390275167,46.7758566576754,"below solar"
"66",286,"MESSAGEix-GLOBIOM_1.1_EN_INDCi2030_1000f_COV","2.0°C",34.67,9895.67186974798,0.164523731987438,41.6621663515914,1128.47678899823,37.8042633159259,29.9583390275167,46.7758566576754,"below solar"
"67",287,"MESSAGEix-GLOBIOM_1.1_EN_INDCi2030_1000f_COV_NDCp","2.0°C",39.6516115154957,9874.73391470259,0.188163573863438,39.0993782064047,1075.258115189,37.4342735933561,30.3349692446953,45.7240492640159,"below solar"
"68",288,"MESSAGEix-GLOBIOM_1.1_EN_INDCi2030_1000f_NDCp","2.0°C",55.0965088381155,10516.1214309338,0.261456107687499,38.288199472581,1409.20865513267,36.1532601649417,30.1126019186402,42.6154965309782,"below solar"
"69",289,"MESSAGEix-GLOBIOM_1.1_EN_INDCi2030_1200","2.0°C",34.67,14102.0178323612,0.164523731987438,44.9521424070794,1419.71191830353,37.8042633159259,29.9583390275167,46.7758566576754,"below solar"
"70",290,"MESSAGEix-GLOBIOM_1.1_EN_INDCi2030_1200_COV","2.0°C",34.67,13673.4617036772,0.164523731987438,42.2974179768797,1180.11420875576,37.8042633159259,29.9583390275167,46.7758566576754,"below solar"
"71",291,"MESSAGEix-GLOBIOM_1.1_EN_INDCi2030_1200_COV_NDCp","2.0°C",39.6516115154957,13122.7309139504,0.188163573863438,39.900628780119,1138.82634880111,37.4342735933561,30.3349692446953,45.7240492640159,"below solar"
"72",292,"MESSAGEix-GLOBIOM_1.1_EN_INDCi2030_1200_NDCp","2.0°C",55.0965088381155,14226.5633308645,0.261456107687499,38.6273489841506,1444.15318537662,36.1532601649417,30.1126019186402,42.6154965309782,"below solar"
"73",293,"MESSAGEix-GLOBIOM_1.1_EN_INDCi2030_1200f","2.0°C",34.67,10005.567577318,0.164523731987438,38.5915231327269,906.401298301998,37.8042633159259,29.9583390275167,46.7758566576754,"below solar"
"74",294,"MESSAGEix-GLOBIOM_1.1_EN_INDCi2030_1200f_COV","2.0°C",34.67,10585.0175923866,0.164523731987438,36.8986083710149,801.575021695911,37.8042633159259,29.9583390275167,46.7758566576754,"below nuclear"
"75",295,"MESSAGEix-GLOBIOM_1.1_EN_INDCi2030_1200f_COV_NDCp","2.0°C",39.6516115154957,10493.1433964402,0.188163573863438,34.9771265045944,795.907552265071,37.4342735933561,30.3349692446953,45.7240492640159,"below nuclear"
"76",296,"MESSAGEix-GLOBIOM_1.1_EN_INDCi2030_1200f_NDCp","2.0°C",55.0965088381155,10005.5876984872,0.261456107687499,33.0398184317504,957.06297606145,36.1532601649417,30.1126019186402,42.6154965309782,"below nuclear"
"77",297,"MESSAGEix-GLOBIOM_1.1_EN_INDCi2030_1400","2.0°C",34.67,12760.7935089376,0.164523731987438,37.9838013039983,867.430908214178,37.8042633159259,29.9583390275167,46.7758566576754,"below solar"
"78",298,"MESSAGEix-GLOBIOM_1.1_EN_INDCi2030_1400_COV","2.0°C",34.67,13585.7760285388,0.164523731987438,36.1406845461228,758.286181392281,37.8042633159259,29.9583390275167,46.7758566576754,"below nuclear"
"79",299,"MESSAGEix-GLOBIOM_1.1_EN_INDCi2030_1400_COV_NDCp","2.0°C",39.6516115154957,13541.2032896734,0.188163573863438,34.1199778662439,746.78497820172,37.4342735933561,30.3349692446953,45.7240492640159,"below nuclear"
"80",300,"MESSAGEix-GLOBIOM_1.1_EN_INDCi2030_1400_NDCp","2.0°C",55.0965088381155,12724.7837853339,0.261456107687499,32.5140506443859,919.905840786233,36.1532601649417,30.1126019186402,42.6154965309782,"below nuclear"
"81",301,"MESSAGEix-GLOBIOM_1.1_EN_INDCi2030_1400f","2.0°C",34.67,10904.7466197603,0.164523731987438,35.2232825834648,708.710039800564,37.8042633159259,29.9583390275167,46.7758566576754,"below nuclear"
"82",302,"MESSAGEix-GLOBIOM_1.1_EN_INDCi2030_1400f_COV","2.0°C",34.67,12246.788150201,0.164523731987438,32.7482314670716,589.170889962207,37.8042633159259,29.9583390275167,46.7758566576754,"below nuclear"
"83",303,"MESSAGEix-GLOBIOM_1.1_EN_INDCi2030_1400f_COV_NDCp","2.0°C",39.6516115154957,12435.2476597485,0.188163573863438,31.0666771904916,593.176224791605,37.4342735933561,30.3349692446953,45.7240492640159,"below nuclear"
"84",304,"MESSAGEix-GLOBIOM_1.1_EN_INDCi2030_1400f_NDCp","2.0°C",55.0965088381155,10991.3225500498,0.261456107687499,29.8503446461239,750.85339279278,36.1532601649417,30.1126019186402,42.6154965309782,"below wind"
"85",306,"MESSAGEix-GLOBIOM_1.1_EN_INDCi2030_1600_COV","2.0°C",34.67,13215.8488676537,0.164523731987438,29.5979761819066,463.378668787973,37.8042633159259,29.9583390275167,46.7758566576754,"below wind"
"86",307,"MESSAGEix-GLOBIOM_1.1_EN_INDCi2030_1600_COV_NDCp","2.0°C",39.6516115154957,13150.4096142288,0.188163573863438,27.3806899207616,445.960927904144,37.4342735933561,30.3349692446953,45.7240492640159,"below wind"
"87",337,"MESSAGEix-GLOBIOM_1.1_EN_INDCi2030_600f_COV","1.5°C",34.67,12216.386563388,0.164523731987438,48.0240270402382,1750.95906572488,37.8042633159259,29.9583390275167,46.7758566576754,"above"
"88",338,"MESSAGEix-GLOBIOM_1.1_EN_INDCi2030_600f_COV_NDCp","1.5°C",39.6516115154957,12060.0331193697,0.188163573863438,45.7345624462674,1713.50926222492,37.4342735933561,30.3349692446953,45.7240492640159,"above"
"89",339,"MESSAGEix-GLOBIOM_1.1_EN_INDCi2030_700f","1.5°C",34.67,12189.6580694668,0.164523731987438,48.086945165907,1758.4158296559,37.8042633159259,29.9583390275167,46.7758566576754,"above"
"90",340,"MESSAGEix-GLOBIOM_1.1_EN_INDCi2030_700f_COV","1.5°C",34.67,11568.940897345,0.164523731987438,46.9740997186532,1630.65440463146,37.8042633159259,29.9583390275167,46.7758566576754,"above"
"91",341,"MESSAGEix-GLOBIOM_1.1_EN_INDCi2030_700f_COV_NDCp","1.5°C",39.6516115154957,11275.8034327888,0.188163573863438,44.9077124044928,1618.73533675742,37.4342735933561,30.3349692446953,45.7240492640159,"below solar"
"92",342,"MESSAGEix-GLOBIOM_1.1_EN_INDCi2030_700f_NDCp","1.5°C",55.0965088381155,12182.5859231983,0.261456107687499,41.3430315044839,1753.3479039249,36.1532601649417,30.1126019186402,42.6154965309782,"below solar"
"93",343,"MESSAGEix-GLOBIOM_1.1_EN_INDCi2030_800f","2.0°C",34.67,11370.4503584616,0.164523731987438,46.7597413696689,1607.0271685927,37.8042633159259,29.9583390275167,46.7758566576754,"below solar"
"94",344,"MESSAGEix-GLOBIOM_1.1_EN_INDCi2030_800f_COV","2.0°C",34.67,10938.9095939641,0.164523731987438,45.7115611340206,1495.87034844281,37.8042633159259,29.9583390275167,46.7758566576754,"below solar"
"95",345,"MESSAGEix-GLOBIOM_1.1_EN_INDCi2030_800f_COV_NDCp","2.0°C",39.6516115154957,10896.3304359193,0.188163573863438,43.3516210332806,1453.07130361598,37.4342735933561,30.3349692446953,45.7240492640159,"below solar"
"96",346,"MESSAGEix-GLOBIOM_1.1_EN_INDCi2030_800f_NDCp","2.0°C",55.0965088381155,11356.6355919946,0.261456107687499,40.2535458015276,1622.79095027658,36.1532601649417,30.1126019186402,42.6154965309782,"below solar"
"97",347,"MESSAGEix-GLOBIOM_1.1_EN_INDCi2030_900f","2.0°C",34.67,11021.5596786984,0.164523731987438,45.7900046412421,1503.94287138142,37.8042633159259,29.9583390275167,46.7758566576754,"below solar"
"98",348,"MESSAGEix-GLOBIOM_1.1_EN_INDCi2030_900f_COV","2.0°C",34.67,10497.9493170972,0.164523731987438,43.8681360136551,1317.04316836201,37.8042633159259,29.9583390275167,46.7758566576754,"below solar"
"99",349,"MESSAGEix-GLOBIOM_1.1_EN_INDCi2030_900f_COV_NDCp","2.0°C",39.6516115154957,10424.3203833296,0.188163573863438,41.8728848500461,1309.95036567308,37.4342735933561,30.3349692446953,45.7240492640159,"below solar"
"100",350,"MESSAGEix-GLOBIOM_1.1_EN_INDCi2030_900f_NDCp","2.0°C",55.0965088381155,10973.9831729659,0.261456107687499,39.0405979457797,1487.78559285177,36.1532601649417,30.1126019186402,42.6154965309782,"below solar"
"101",351,"MESSAGEix-GLOBIOM_1.1_EN_INDCi2030_950_COV","2.0°C",34.67,14337.2917698225,0.164523731987438,48.2358029316895,1776.17168614486,37.8042633159259,29.9583390275167,46.7758566576754,"above"
"102",352,"MESSAGEix-GLOBIOM_1.1_EN_INDCi2030_950_COV_NDCp","2.0°C",39.6516115154957,14180.8818904562,0.188163573863438,46.1216250129973,1759.56686866973,37.4342735933561,30.3349692446953,45.7240492640159,"above"
"103",353,"MESSAGEix-GLOBIOM_1.1_EN_INDCi2030_950f_COV","2.0°C",34.67,10331.4893843756,0.164523731987438,43.1043799054874,1248.77185812809,37.8042633159259,29.9583390275167,46.7758566576754,"below solar"
"104",354,"MESSAGEix-GLOBIOM_1.1_EN_INDCi2030_950f_COV_NDCp","2.0°C",39.6516115154957,10254.846301642,0.188163573863438,40.7295549452145,1208.1308790371,37.4342735933561,30.3349692446953,45.7240492640159,"below solar"
"105",355,"MESSAGEix-GLOBIOM_1.1_EN_NPi2020_1000","2.0°C",336.069090499641,13829.6786126958,1.59478918300043,18.7561563671816,1874.95090124894,28.2025369686484,22.4625434123744,NA,"below wind"
"106",356,"MESSAGEix-GLOBIOM_1.1_EN_NPi2020_1000_COV","2.0°C",256.302411306634,14121.0772680347,1.21626274085799,19.308405502688,1497.83201211824,28.1442143470325,23.8668987917893,NA,"below wind"
"107",357,"MESSAGEix-GLOBIOM_1.1_EN_NPi2020_1000_DR10p","2.0°C",279.508936667141,24047.734458184,1.32638746421455,21.3082105069437,1928.84646878735,27.9917197758318,23.4682815676128,NA,"below wind"
"108",362,"MESSAGEix-GLOBIOM_1.1_EN_NPi2020_1000f","2.0°C",219.033757852421,10973.1951828055,1.03940730525276,19.3105721779665,1280.26637344226,29.3629703079116,25.3066419861803,30.1185700617593,"below wind"
"109",363,"MESSAGEix-GLOBIOM_1.1_EN_NPi2020_1000f_COV","2.0°C",180.494277198976,11077.3147979045,0.856521260085105,20.4010659737473,1155.49150339354,30.6005251835788,25.8462327334025,31.4647395434918,"below wind"
"110",364,"MESSAGEix-GLOBIOM_1.1_EN_NPi2020_1000f_DR10p","2.0°C",92.3449195365933,12157.8530026955,0.438215482902797,25.5477025095572,898.464048309434,33.1504453995618,28.043920134137,37.6753170942999,"below wind"
"111",367,"MESSAGEix-GLOBIOM_1.1_EN_NPi2020_1000f_DR3p","2.0°C",319.839188027638,9699.74859048619,1.51777146957424,17.0593265168063,1545.22556816643,28.3445803480189,22.7569283253765,NA,"below wind"
"112",368,"MESSAGEix-GLOBIOM_1.1_EN_NPi2020_1000f_DR4p","2.0°C",251.521054285716,10119.4348604462,1.19357319078457,18.3177996898463,1352.30667384559,28.3005738296066,24.0247105786466,NA,"below wind"
"113",369,"MESSAGEix-GLOBIOM_1.1_EN_NPi2020_1200","2.0°C",205.55236369,13847.7045823162,0.975432419761115,20.1299950732023,1286.58080532412,29.8038375776829,25.8386106167383,30.5894700605385,"below wind"
"114",370,"MESSAGEix-GLOBIOM_1.1_EN_NPi2020_1200_COV","2.0°C",143.519579181544,13784.6765317108,0.68106076666323,21.9249171664143,1041.92352639591,31.6653564913783,26.986124767322,33.2331624155606,"below wind"
"115",371,"MESSAGEix-GLOBIOM_1.1_EN_NPi2020_1200f","2.0°C",146.057242409587,11334.0708793904,0.693103046005743,21.0185234470947,984.105354088996,31.5922745353716,26.8833625982346,33.012883616254,"below wind"
"116",372,"MESSAGEix-GLOBIOM_1.1_EN_NPi2020_1200f_COV","2.0°C",89.1820627169671,12423.310994587,0.423206397015666,24.2979094388085,785.08333067757,33.2429996853116,28.2685800679693,37.9498650701333,"below wind"
"117",373,"MESSAGEix-GLOBIOM_1.1_EN_NPi2020_1400","2.0°C",123.459287943728,13726.1672799029,0.585866247505446,22.1232580594257,910.977370169819,32.2430711800428,27.3647975498789,34.9744718291881,"below wind"
"118",374,"MESSAGEix-GLOBIOM_1.1_EN_NPi2020_1400_COV","2.0°C",67.2024744299642,13447.6429742962,0.318904006115029,25.6872966143135,661.148650794431,34.9927351198698,29.6082723511832,40.742507193748,"below wind"
"119",375,"MESSAGEix-GLOBIOM_1.1_EN_NPi2020_1400f","2.0°C",70.6065492373653,12738.8003199813,0.335057772808945,24.8965751576807,652.154180103268,34.666407241328,29.4420873600817,40.2158415784344,"below wind"
"120",376,"MESSAGEix-GLOBIOM_1.1_EN_NPi2020_1400f_COV","2.0°C",34.67,12263.7386816967,0.164523731987438,29.0987063171293,445.833547299714,37.8042633159259,29.9583390275167,46.7758566576754,"below wind"
"121",377,"MESSAGEix-GLOBIOM_1.1_EN_NPi2020_1600","2.0°C",34.67,13633.0970080654,0.164523731987438,29.9438011594824,475.893210779136,37.8042633159259,29.9583390275167,46.7758566576754,"below wind"
"122",378,"MESSAGEix-GLOBIOM_1.1_EN_NPi2020_1600_COV","2.0°C",34.67,13710.7162589752,0.164523731987438,25.9089667608343,347.152615678256,37.8042633159259,29.9583390275167,46.7758566576754,"below wind"
"123",380,"MESSAGEix-GLOBIOM_1.1_EN_NPi2020_1600f_COV","2.0°C",34.67,12423.1666131566,0.164523731987438,23.7735932118917,292.572721053846,37.8042633159259,29.9583390275167,46.7758566576754,"below wind"
"124",409,"MESSAGEix-GLOBIOM_1.1_EN_NPi2020_600f_DR10p","1.5°C",241.532010186306,12388.6703644767,1.14617097520274,21.4896629794671,1691.8738147476,28.6272345997521,24.4188729364952,NA,"below wind"
"125",417,"MESSAGEix-GLOBIOM_1.1_EN_NPi2020_700f_COV","1.5°C",353.526407773625,9865.18415317782,1.67763149590509,17.6879982790233,1801.95367385788,28.0497513099165,22.1458951246957,NA,"below wind"
"126",420,"MESSAGEix-GLOBIOM_1.1_EN_NPi2020_800f","2.0°C",331.714924752942,10042.0646097645,1.57412683519718,18.4645869086562,1805.72019716789,28.2406444322063,22.5415211330816,NA,"below wind"
"127",421,"MESSAGEix-GLOBIOM_1.1_EN_NPi2020_800f_COV","2.0°C",245.039563194127,10484.2055301917,1.16281578947993,19.2528932039912,1425.36290646099,28.5125309348711,24.280466763684,NA,"below wind"
"128",423,"MESSAGEix-GLOBIOM_1.1_EN_NPi2020_900_COV","2.0°C",362.069446197126,14440.2828795708,1.71817180637369,18.0087360891321,1896.41537347623,27.9749830203436,21.9909378396834,NA,"below wind"
"129",424,"MESSAGEix-GLOBIOM_1.1_EN_NPi2020_900f","2.0°C",246.273919725704,10569.7478563553,1.16867333038499,19.2914055680843,1437.17607976203,28.472165124967,24.2317597126318,NA,"below wind"
"130",425,"MESSAGEix-GLOBIOM_1.1_EN_NPi2020_900f_COV","2.0°C",214.145898309769,11024.8669043859,1.0162123559194,19.564874503086,1278.6329264999,29.5228126258227,25.4995143194077,30.2893011467597,"below wind"
"131",426,"MESSAGEix-GLOBIOM_1.1_NGFS2_Below 2°C","2.0°C",267.577336,14386.60256,1.26976700069156,19.2593094258999,1557.2998,27.8673648470026,23.6732300234473,NA,"below wind"
"132",427,"MESSAGEix-GLOBIOM_1.1_NGFS2_Delayed Transition","2.0°C",34.67,14080.62176,0.164523731987438,50.0842747998266,2010.507754,37.8042633159259,29.9583390275167,46.7758566576754,"above"
"133",431,"MESSAGEix-GLOBIOM_1.2_COV_GreenPush_1000","2.0°C",259.430892397816,12768.4409426105,1.23110869945544,21.002692958912,1745.7097906117,28.0419070559182,23.8131610422089,NA,"below wind"
"134",435,"MESSAGEix-GLOBIOM_1.2_COV_Restore_1000","2.0°C",275.164408046046,13308.924677337,1.3057708486256,21.5809613657115,1941.9944717431,27.94643971974,23.5429072994875,NA,"below wind"
"135",437,"MESSAGEix-GLOBIOM_1.2_COV_SelfReliance_1000","2.0°C",311.378220131451,14082.8422711932,1.47762061827609,21.0740962496764,2107.66018492683,28.3238715623023,22.9103969800607,NA,"below wind"
"136",439,"MESSAGEix-GLOBIOM_1.2_COV_SmartUse_1000","2.0°C",283.193907644291,13407.2851193183,1.34387420137711,20.9171716326375,1892.18548544801,28.0301257128377,23.4049850215223,NA,"below wind"
"137",470,"POLES EMF30_EMF30_Slower-to-faster","1.5°C",300.35696875,21749.334,1.42532014500099,31.9406201944594,4802.0085,28.2090045826419,23.1101760542146,NA,"above"
"138",471,"POLES EMF33_EMF33_Med2C_cost100","2.0°C",280.341278076172,18337.48046875,1.33033727427805,21.956772935734,2040.54553222656,28.0003947021531,23.4539844844915,NA,"below wind"
"139",472,"POLES EMF33_EMF33_Med2C_full","2.0°C",260.799591064453,20071.953125,1.23760375029482,24.5248929845462,2338.13012695312,27.9971480022899,23.7896509796401,NA,"below nuclear"
"140",473,"POLES EMF33_EMF33_Med2C_limbio","2.0°C",367.498229980469,12815.123046875,1.74393366873852,21.0870529967534,2490.18920898438,27.9274705478695,21.8924682373846,NA,"below wind"
"141",474,"POLES EMF33_EMF33_Med2C_nobeccs","2.0°C",363.377990722656,4227.6025390625,1.72438140051306,14.5071464777693,1408.26550292969,27.9635306972761,21.9672028993797,NA,"below wind"
"142",475,"POLES EMF33_EMF33_Med2C_nofuel","2.0°C",260.693176269531,16904.162109375,1.23709876733551,23.909514315177,2224.21215820312,28.0006279687931,23.7914788607858,NA,"below nuclear"
"143",476,"POLES EMF33_EMF33_Med2C_none","2.0°C",369.083587646484,4042.47216796875,1.75145685765538,14.3059463882375,1405.44213867188,27.9135955685972,21.8637123419384,NA,"below wind"
"144",480,"POLES EMF33_EMF33_tax_hi_full","2.0°C",135.931350708008,19482.810546875,0.645051430994367,23.0978486036585,1085.98608398438,31.8838892633173,27.2934085742725,33.8918494464256,"below wind"
"145",481,"POLES EMF33_EMF33_tax_hi_none","2.0°C",135.767135620117,5304.74755859375,0.644272161334474,21.5708107687372,957.387573242188,31.888618480219,27.3000584316855,33.9061039392949,"below wind"
"146",484,"POLES ENGAGE_EN_INDCi2030_1000","2.0°C",34.67,21189.083984375,0.164523731987438,28.6044684063359,429.056442260742,37.8042633159259,29.9583390275167,46.7758566576754,"below wind"
"147",485,"POLES ENGAGE_EN_INDCi2030_1000_COV","2.0°C",34.67,19174.6705322266,0.164523731987438,25.1088872489511,325.713272094727,37.8042633159259,29.9583390275167,46.7758566576754,"below wind"
"148",486,"POLES ENGAGE_EN_INDCi2030_1000_COV_NDCp","2.0°C",34.67,19116.1135253906,0.164523731987438,25.0522213100854,324.241012573242,37.8042633159259,29.9583390275167,46.7758566576754,"below wind"
"149",487,"POLES ENGAGE_EN_INDCi2030_1000_NDCp","2.0°C",34.67,23289.5529785156,0.164523731987438,30.0111119995504,478.36408996582,37.8042633159259,29.9583390275167,46.7758566576754,"below nuclear"
"150",488,"POLES ENGAGE_EN_INDCi2030_1000f","2.0°C",34.67,17508.34375,0.164523731987438,26.2469897304546,356.585891723633,37.8042633159259,29.9583390275167,46.7758566576754,"below wind"
"151",489,"POLES ENGAGE_EN_INDCi2030_1000f_COV","2.0°C",34.67,17262.7309570312,0.164523731987438,25.5577645022977,337.59001159668,37.8042633159259,29.9583390275167,46.7758566576754,"below wind"
"152",490,"POLES ENGAGE_EN_INDCi2030_1000f_COV_NDCp","2.0°C",34.67,17919.931640625,0.164523731987438,26.4378896415491,362.014717102051,37.8042633159259,29.9583390275167,46.7758566576754,"below wind"
"153",491,"POLES ENGAGE_EN_INDCi2030_1000f_NDCp","2.0°C",34.67,21019.9606933594,0.164523731987438,28.9369968653731,440.280395507812,37.8042633159259,29.9583390275167,46.7758566576754,"below wind"
"154",492,"POLES ENGAGE_EN_INDCi2030_1200","2.0°C",34.67,19756.5402832031,0.164523731987438,26.7662211166366,371.526062011719,37.8042633159259,29.9583390275167,46.7758566576754,"below wind"
"155",493,"POLES ENGAGE_EN_INDCi2030_1200f","2.0°C",34.67,20071.9328613281,0.164523731987438,28.8607780786008,437.684669494629,37.8042633159259,29.9583390275167,46.7758566576754,"below wind"
"156",502,"POLES ENGAGE_EN_INDCi2030_300f","1.5°C",34.67,44901.1318359375,0.164523731987438,32.2921705584992,569.239807128906,37.8042633159259,29.9583390275167,46.7758566576754,"below nuclear"
"157",503,"POLES ENGAGE_EN_INDCi2030_400f","1.5°C",34.67,38818.130859375,0.164523731987438,30.2052755795188,485.556365966797,37.8042633159259,29.9583390275167,46.7758566576754,"below nuclear"
"158",504,"POLES ENGAGE_EN_INDCi2030_500f","2.0°C",34.67,33365.482421875,0.164523731987438,29.3329200278183,453.988311767578,37.8042633159259,29.9583390275167,46.7758566576754,"below wind"
"159",505,"POLES ENGAGE_EN_INDCi2030_600f","2.0°C",34.67,28945.384765625,0.164523731987438,29.2506208983668,451.107681274414,37.8042633159259,29.9583390275167,46.7758566576754,"below wind"
"160",506,"POLES ENGAGE_EN_INDCi2030_600f_COV","2.0°C",34.67,22130.9169921875,0.164523731987438,28.3126587282876,419.41975402832,37.8042633159259,29.9583390275167,46.7758566576754,"below wind"
"161",507,"POLES ENGAGE_EN_INDCi2030_600f_COV_NDCp","2.0°C",34.67,20873.1474609375,0.164523731987438,28.732236956658,433.338226318359,37.8042633159259,29.9583390275167,46.7758566576754,"below wind"
"162",508,"POLES ENGAGE_EN_INDCi2030_600f_NDCp","2.0°C",34.67,30606.5146484375,0.164523731987438,31.0089066542225,516.37126159668,37.8042633159259,29.9583390275167,46.7758566576754,"below nuclear"
"163",509,"POLES ENGAGE_EN_INDCi2030_700f","2.0°C",34.67,24341.1474609375,0.164523731987438,28.3627369516527,421.059555053711,37.8042633159259,29.9583390275167,46.7758566576754,"below wind"
"164",510,"POLES ENGAGE_EN_INDCi2030_800f","2.0°C",34.67,19544.966796875,0.164523731987438,27.3282879858416,388.331695556641,37.8042633159259,29.9583390275167,46.7758566576754,"below wind"
"165",511,"POLES ENGAGE_EN_INDCi2030_900","2.0°C",34.67,31757.615234375,0.164523731987438,32.226933640822,566.438949584961,37.8042633159259,29.9583390275167,46.7758566576754,"below nuclear"
"166",512,"POLES ENGAGE_EN_INDCi2030_900f","2.0°C",34.67,18786.5612792969,0.164523731987438,25.7600131848737,343.067504882813,37.8042633159259,29.9583390275167,46.7758566576754,"below wind"
"167",513,"POLES ENGAGE_EN_NPi2020_1000","2.0°C",34.67,20682.1694335938,0.164523731987438,23.5023651704099,286.22435760498,37.8042633159259,29.9583390275167,46.7758566576754,"below wind"
"168",514,"POLES ENGAGE_EN_NPi2020_1000_COV","2.0°C",34.67,20808.4855957031,0.164523731987438,23.7993614999252,293.182395935059,37.8042633159259,29.9583390275167,46.7758566576754,"below wind"
"169",515,"POLES ENGAGE_EN_NPi2020_1000f","2.0°C",34.67,19944.4846191406,0.164523731987438,27.6686407117457,398.837684631348,37.8042633159259,29.9583390275167,46.7758566576754,"below wind"
"170",516,"POLES ENGAGE_EN_NPi2020_1000f_COV","2.0°C",34.67,18548.125,0.164523731987438,26.159813976126,354.131240844727,37.8042633159259,29.9583390275167,46.7758566576754,"below wind"
"171",517,"POLES ENGAGE_EN_NPi2020_1200","2.0°C",34.67,21769.0759277344,0.164523731987438,25.9271753125637,347.654983520508,37.8042633159259,29.9583390275167,46.7758566576754,"below wind"
"172",518,"POLES ENGAGE_EN_NPi2020_1200f","2.0°C",34.67,20491.55859375,0.164523731987438,25.024586909013,323.525207519531,37.8042633159259,29.9583390275167,46.7758566576754,"below wind"
"173",527,"POLES ENGAGE_EN_NPi2020_300f","1.5°C",34.67,27628.2016601562,0.164523731987438,28.2663773687476,417.909393310547,37.8042633159259,29.9583390275167,46.7758566576754,"below wind"
"174",528,"POLES ENGAGE_EN_NPi2020_400f","1.5°C",34.67,24565.2641601562,0.164523731987438,26.992741434389,378.218551635742,37.8042633159259,29.9583390275167,46.7758566576754,"below wind"
"175",529,"POLES ENGAGE_EN_NPi2020_500","2.0°C",34.67,23705.544921875,0.164523731987438,32.4222441824025,574.861572265625,37.8042633159259,29.9583390275167,46.7758566576754,"below nuclear"
"176",530,"POLES ENGAGE_EN_NPi2020_500f","2.0°C",34.67,21627.7099609375,0.164523731987438,25.5629358362674,337.729080200195,37.8042633159259,29.9583390275167,46.7758566576754,"below wind"
"177",531,"POLES ENGAGE_EN_NPi2020_600","2.0°C",34.67,21009.3845214844,0.164523731987438,30.5839541020068,499.864151000977,37.8042633159259,29.9583390275167,46.7758566576754,"below nuclear"
"178",532,"POLES ENGAGE_EN_NPi2020_600f","2.0°C",34.67,20173.0185546875,0.164523731987438,24.4838017253242,309.80061340332,37.8042633159259,29.9583390275167,46.7758566576754,"below wind"
"179",533,"POLES ENGAGE_EN_NPi2020_600f_COV","2.0°C",34.67,15778.7280273438,0.164523731987438,23.7679909342021,292.440322875977,37.8042633159259,29.9583390275167,46.7758566576754,"below wind"
"180",534,"POLES ENGAGE_EN_NPi2020_700","2.0°C",34.67,20771.3056640625,0.164523731987438,29.1923422274852,449.077774047852,37.8042633159259,29.9583390275167,46.7758566576754,"below wind"
"181",535,"POLES ENGAGE_EN_NPi2020_700f","2.0°C",34.67,19218.7531738281,0.164523731987438,23.6724379509564,290.190414428711,37.8042633159259,29.9583390275167,46.7758566576754,"below wind"
"182",536,"POLES ENGAGE_EN_NPi2020_800","2.0°C",34.67,20454.5373535156,0.164523731987438,26.0728114381282,351.696640014648,37.8042633159259,29.9583390275167,46.7758566576754,"below wind"
"183",537,"POLES ENGAGE_EN_NPi2020_800f","2.0°C",34.67,17597.1760253906,0.164523731987438,25.4365186789461,334.344177246094,37.8042633159259,29.9583390275167,46.7758566576754,"below wind"
"184",538,"POLES ENGAGE_EN_NPi2020_900","2.0°C",34.67,20897.0590820312,0.164523731987438,24.5159810395199,310.602386474609,37.8042633159259,29.9583390275167,46.7758566576754,"below wind"
"185",539,"POLES ENGAGE_EN_NPi2020_900f","2.0°C",34.67,18674.0249023438,0.164523731987438,27.4578563415326,392.301475524902,37.8042633159259,29.9583390275167,46.7758566576754,"below wind"
"186",540,"POLES GECO2019_CO_2Deg2020","2.0°C",34.67,18414.1735839844,0.164523731987438,24.9304215949948,321.096740722656,37.8042633159259,29.9583390275167,46.7758566576754,"below wind"
"187",541,"POLES GECO2019_CO_2Deg2030","2.0°C",34.67,25550.2836914062,0.164523731987438,30.0789075046642,480.86442565918,37.8042633159259,29.9583390275167,46.7758566576754,"below nuclear"
"188",542,"POLES GECO2019_CO_Bridge","1.5°C",34.67,56723.921875,0.164523731987438,35.5539545771752,726.232635498047,37.8042633159259,29.9583390275167,46.7758566576754,"below nuclear"
"189",543,"POLES GECO2019_CO_Bridge_notax","2.0°C",34.67,27163.3583984375,0.164523731987438,32.9437426019825,597.905914306641,37.8042633159259,29.9583390275167,46.7758566576754,"below nuclear"
"190",545,"REMIND 1.6_EMF30_Slower-to-faster","2.0°C",279.2410386,15981.1817248,1.3251161752097,24.0398980952343,2407.6494376,27.9889276571545,23.4728832381441,NA,"below nuclear"
"191",546,"REMIND 1.6_EMF30_Slower-to-faster+SLCF","2.0°C",220.0950631,15944.3358488,1.04444364503094,26.8135570103323,2367.3754747,29.3282636046391,25.2647634465904,30.0814990708983,"below nuclear"
"192",547,"REMIND 1.6_EMF30_Slower-to-faster+SLCF+HFC","2.0°C",220.0950631,15926.7437629,1.04444364503094,26.7838413884761,2361.8339614,29.3282636046391,25.2647634465904,30.0814990708983,"below nuclear"
"193",549,"REMIND 1.7_ADVANCE_2020_Med2C","2.0°C",183.4029,13686.1276,0.870323898624714,27.9716501195877,2160.4484,30.5167599931329,25.8567154396673,31.3631424492336,"below nuclear"
"194",551,"REMIND 1.7_ADVANCE_2030_1.5C-2100","1.5°C",69.6164,16481.811,0.330359098227005,47.946246272666,3497.4464,34.7613268063642,29.490425881269,40.3690337339697,"above"
"195",552,"REMIND 1.7_ADVANCE_2030_Med2C","2.0°C",69.6164,14412.9487,0.330359098227005,37.3659836581194,1665.3425,34.7613268063642,29.490425881269,40.3690337339697,"below solar"
"196",553,"REMIND 1.7_ADVANCE_2030_Price1.5C","1.5°C",69.6164,16251.86,0.330359098227005,44.5558648367914,2773.759,34.7613268063642,29.490425881269,40.3690337339697,"above"
"197",554,"REMIND 1.7_ADVANCE_2030_WB2C","1.5°C",69.6164,15432.155,0.330359098227005,41.9890926300847,2318.7899,34.7613268063642,29.490425881269,40.3690337339697,"above"
"198",558,"REMIND 1.7_CEMICS-2.0-CDR12","1.5°C",359.7353,11276.1096,1.70709530094088,20.6973088865426,2360.255,27.9954113632962,22.0332755817839,NA,"below wind"
"199",559,"REMIND 1.7_CEMICS-2.0-CDR20","1.5°C",246.1557,24158.171,1.16811232806404,20.9469909647848,1648.7719,28.4760311351939,24.2364246000188,NA,"below wind"
"200",564,"REMIND 2.1_CEMICS_HotellingConst_2C","2.0°C",299.4202,17884.3021,1.4208747832831,23.0664975299552,2386.0498,28.1992412814314,23.1262668800931,NA,"below wind"
"201",566,"REMIND 2.1_CEMICS_Linear_2C","2.0°C",332.4305,16025.935,1.57752254071099,24.6232224767174,3003.9357,28.2343817497002,22.5285417231797,NA,"below nuclear"
"202",568,"REMIND 2.1_CEMICS_opt_2C","2.0°C",289.2927,11913.8988,1.37281553621927,23.1414654826221,2319.4267,28.0936892623141,23.3002263968727,NA,"below wind"
"203",570,"REMIND 2.1_LeastTotalCost_CBA_brkSR15_SSP2_P50","2.0°C",301.4229,10890.273,1.43037843710632,24.3205300643219,2658.3048,28.220114056419,23.0909708347626,NA,"below nuclear"
"204",571,"REMIND 2.1_LeastTotalCost_CEA_brkLR15_SSP2_P50","2.0°C",295.503,9812.8527,1.40228602173302,22.3916757651531,2228.8493,28.158414979848,23.1935524114808,NA,"below wind"
"205",572,"REMIND 2.1_LeastTotalCost_CEA_brkSR15_SSP2_P50","2.0°C",294.0049,9955.2759,1.39517690714143,22.5007679859618,2237.3951,28.142801306203,23.2192851937161,NA,"below wind"
"206",576,"REMIND 2.1_LeastTotalCost_LTC_brkSR15_SSP1_P50","1.5°C",231.3173,6845.2056,1.09769787912483,25.5482641038237,2250.6877,28.9612750808097,24.8219399578944,NA,"below nuclear"
"207",586,"REMIND 2.1_R2p1_SSP1-PkBudg1300","1.5°C",108.1601,5402.9807,0.513265165968689,28.1355313363149,1290.5143,32.6876477405871,27.0222135426194,36.302499407225,"below nuclear"
"208",590,"REMIND 2.1_R2p1_SSP2-PkBudg1300","2.0°C",313.3415,9498.9917,1.48693720699572,21.1523181460778,2134.6919,28.3443334881693,22.8747861700574,NA,"below wind"
"209",607,"REMIND-MAgPIE 1.5_SSP1-26","2.0°C",61.4,11000,0.291368824460014,25.8308945017299,611,35.5489829340794,29.8915458442961,41.6402441528049,"below wind"
"210",610,"REMIND-MAgPIE 1.5_SSP2-26","2.0°C",163,15600,0.773503556791241,24.7670384168766,1490,31.1043414435523,26.1972689901179,32.0758080288717,"below wind"
"211",613,"REMIND-MAgPIE 1.5_SSP5-26","2.0°C",369,22600,1.75106019911637,26.9438894676453,4010,27.9143271239346,21.865228490423,NA,"below nuclear"
"212",615,"REMIND-MAgPIE 1.7-3.0_CD-LINKS_INDC2030i_1000","1.5°C",71.5698,15126.31,0.339628802814956,41.6256278125122,2323.53,34.5740662689173,29.3950620070933,40.0668110534585,"above"
"213",616,"REMIND-MAgPIE 1.7-3.0_CD-LINKS_INDC2030i_1600","2.0°C",71.5698,12644.29,0.339628802814956,39.4245473627303,1986.654,34.5740662689173,29.3950620070933,40.0668110534585,"below solar"
"214",617,"REMIND-MAgPIE 1.7-3.0_CD-LINKS_INDC2030i_400","1.5°C",71.5698,16472.72,0.339628802814956,47.1435936967733,3405.206,34.5740662689173,29.3950620070933,40.0668110534585,"above"
"215",618,"REMIND-MAgPIE 1.7-3.0_CD-LINKS_NDC2030i_1000","2.0°C",71.5698,15126.31,0.339628802814956,41.6256278125122,2323.53,34.5740662689173,29.3950620070933,40.0668110534585,"above"
"216",620,"REMIND-MAgPIE 1.7-3.0_CD-LINKS_NPi2020_1600","2.0°C",196.2526,12186.27,0.931301129629011,25.4674111859416,1897.251,30.1079575654329,25.9030258896309,30.9143072886106,"below wind"
"217",623,"REMIND-MAgPIE 1.7-3.0_CO_2Deg2030","1.5°C",101.3186,15466.22,0.480799370976129,37.3504071072881,2420.966,32.8878497042132,27.4065133294307,36.8963675725523,"above"
"218",629,"REMIND-MAgPIE 1.7-3.0_EMF33_Med2C_cost100","2.0°C",328.7555,16075.8489,1.56008312002873,19.7413393777683,1992.1138,28.2665451850682,22.5952004450759,NA,"below wind"
"219",633,"REMIND-MAgPIE 1.7-3.0_EMF33_Med2C_nofuel","2.0°C",333.837,16280.6921,1.58419697477618,20.5982912194906,2172.4311,28.2220721247084,22.503030024582,NA,"below wind"
"220",635,"REMIND-MAgPIE 1.7-3.0_EMF33_WB2C_cost100","2.0°C",322.6756,16179.5945,1.53123143736042,19.9342670953735,1987.0051,28.3197561975018,22.7054802718123,NA,"below wind"
"221",641,"REMIND-MAgPIE 1.7-3.0_EMF33_tax_hi_full","2.0°C",255.0247,16138.6246,1.21019946331055,24.3739007488225,2258.7845,28.1859979406671,23.8888459694231,NA,"below nuclear"
"222",642,"REMIND-MAgPIE 1.7-3.0_EMF33_tax_hi_none","2.0°C",310.749,9931.8554,1.47463470410627,21.8886210650305,2249.2689,28.3173136303997,22.9218100439393,NA,"below wind"
"223",645,"REMIND-MAgPIE 1.7-3.0_PEP_1p5C_full_NDC","1.5°C",101.3186,16470.38,0.480799370976129,43.5494812949047,3764.484,32.8878497042132,27.4065133294307,36.8963675725523,"above"
"224",650,"REMIND-MAgPIE 1.7-3.0_PEP_2C_full_NDC","1.5°C",101.3186,15466.22,0.480799370976129,37.3504071072881,2420.966,32.8878497042132,27.4065133294307,36.8963675725523,"above"
"225",654,"REMIND-MAgPIE 1.7-3.0_PEP_2C_red_NDC","1.5°C",101.3186,7969.541,0.480799370976129,42.2794326779203,3444.375,32.8878497042132,27.4065133294307,36.8963675725523,"above"
"226",659,"REMIND-MAgPIE 1.7-3.0_SMP_2C_lifesty","1.5°C",232.8142,11386.57,1.1048012992117,25.5092004655906,2258.214,28.9123235993702,24.7628730814654,NA,"below nuclear"
"227",667,"REMIND-MAgPIE 2.1-4.2_CEMICS_SSP2-2C-fullCDR","2.0°C",314.6786,9956.6,1.49328230887171,22.0680718151806,2311.4689,28.3582691687185,22.8505332783439,NA,"below wind"
"228",669,"REMIND-MAgPIE 2.1-4.2_EN_INDCi2030_1000","2.0°C",235.6587,8230.739,1.1182996480908,24.0943825270084,2040.82,28.8193030308922,24.6506306270581,NA,"below wind"
"229",670,"REMIND-MAgPIE 2.1-4.2_EN_INDCi2030_1000_COV","2.0°C",84.8824,9102.1347,0.402802689012128,34.3308176046411,1623.9559,33.3688201806513,28.5739881204303,38.3230921123392,"below solar"
"230",671,"REMIND-MAgPIE 2.1-4.2_EN_INDCi2030_1000_COV_NDCp","2.0°C",251.3497,9039.9807,1.19276004262829,22.106315089614,1852.0795,28.3061774411617,24.0314721274608,NA,"below wind"
"231",673,"REMIND-MAgPIE 2.1-4.2_EN_INDCi2030_1000f","2.0°C",235.6587,9048.1548,1.1182996480908,23.9990372680542,2025.1939,28.8193030308922,24.6506306270581,NA,"below wind"
"232",674,"REMIND-MAgPIE 2.1-4.2_EN_INDCi2030_1000f_COV","2.0°C",84.8824,9400.7195,0.402802689012128,34.2785516413538,1617.6484,33.3688201806513,28.5739881204303,38.3230921123392,"below solar"
"233",675,"REMIND-MAgPIE 2.1-4.2_EN_INDCi2030_1000f_COV_NDCp","2.0°C",251.3497,9341.4737,1.19276004262829,22.0099999867533,1837.5224,28.3061774411617,24.0314721274608,NA,"below wind"
"234",677,"REMIND-MAgPIE 2.1-4.2_EN_INDCi2030_1200","2.0°C",235.6587,7537.1375,1.1182996480908,22.9246217888413,1856.4031,28.8193030308922,24.6506306270581,NA,"below wind"
"235",678,"REMIND-MAgPIE 2.1-4.2_EN_INDCi2030_1200f","2.0°C",235.6587,7537.6246,1.1182996480908,22.9355464614627,1858.0536,28.8193030308922,24.6506306270581,NA,"below wind"
"236",679,"REMIND-MAgPIE 2.1-4.2_EN_INDCi2030_1400","2.0°C",235.6587,7551.7724,1.1182996480908,16.199577220209,1057.6183,28.8193030308922,24.6506306270581,NA,"below wind"
"237",680,"REMIND-MAgPIE 2.1-4.2_EN_INDCi2030_1400f","2.0°C",235.6587,7551.7724,1.1182996480908,16.199577220209,1057.6183,28.8193030308922,24.6506306270581,NA,"below wind"
"238",687,"REMIND-MAgPIE 2.1-4.2_EN_INDCi2030_300f","1.5°C",235.6587,19795.4167,1.1182996480908,26.5364150608915,2479.9261,28.8193030308922,24.6506306270581,NA,"below nuclear"
"239",688,"REMIND-MAgPIE 2.1-4.2_EN_INDCi2030_400f","1.5°C",235.6587,19795.4167,1.1182996480908,26.0991291745318,2395.5451,28.8193030308922,24.6506306270581,NA,"below nuclear"
"240",689,"REMIND-MAgPIE 2.1-4.2_EN_INDCi2030_500f","1.5°C",235.6587,19783.7664,1.1182996480908,25.7023970781163,2321.2348,28.8193030308922,24.6506306270581,NA,"below nuclear"
"241",690,"REMIND-MAgPIE 2.1-4.2_EN_INDCi2030_600_COV","1.5°C",84.8824,9500.3996,0.402802689012128,50.9006524026636,5196.7141,33.3688201806513,28.5739881204303,38.3230921123392,"above"
"242",691,"REMIND-MAgPIE 2.1-4.2_EN_INDCi2030_600_COV_NDCp","1.5°C",251.3497,9402.8744,1.19276004262829,35.3563500989878,5188.7736,28.3061774411617,24.0314721274608,NA,"above"
"243",692,"REMIND-MAgPIE 2.1-4.2_EN_INDCi2030_600f","1.5°C",235.6587,19201.6238,1.1182996480908,25.3123371456932,2250.2034,28.8193030308922,24.6506306270581,NA,"below nuclear"
"244",693,"REMIND-MAgPIE 2.1-4.2_EN_INDCi2030_600f_COV","1.5°C",84.8824,18007.4801,0.402802689012128,36.504910089014,1906.7791,33.3688201806513,28.5739881204303,38.3230921123392,"below solar"
"245",694,"REMIND-MAgPIE 2.1-4.2_EN_INDCi2030_600f_COV_NDCp","1.5°C",251.3497,17901.1566,1.19276004262829,23.9675718361294,2154.5636,28.3061774411617,24.0314721274608,NA,"below wind"
"246",696,"REMIND-MAgPIE 2.1-4.2_EN_INDCi2030_700","2.0°C",235.6587,8606.5032,1.1182996480908,33.6735569077958,4292.7789,28.8193030308922,24.6506306270581,NA,"above"
"247",697,"REMIND-MAgPIE 2.1-4.2_EN_INDCi2030_700f","2.0°C",235.6587,17939.1545,1.1182996480908,24.9636179884223,2188.3631,28.8193030308922,24.6506306270581,NA,"below nuclear"
"248",698,"REMIND-MAgPIE 2.1-4.2_EN_INDCi2030_800","2.0°C",235.6587,8655.0758,1.1182996480908,28.1762288813869,2820.7096,28.8193030308922,24.6506306270581,NA,"below nuclear"
"249",699,"REMIND-MAgPIE 2.1-4.2_EN_INDCi2030_800f","2.0°C",235.6587,16099.1729,1.1182996480908,24.5852732137894,2123.0028,28.8193030308922,24.6506306270581,NA,"below wind"
"250",700,"REMIND-MAgPIE 2.1-4.2_EN_INDCi2030_900","2.0°C",235.6587,8486.7953,1.1182996480908,25.0992198877068,2212.226,28.8193030308922,24.6506306270581,NA,"below nuclear"
"251",701,"REMIND-MAgPIE 2.1-4.2_EN_INDCi2030_900f","2.0°C",235.6587,12167.3619,1.1182996480908,24.3197862168257,2078.1937,28.8193030308922,24.6506306270581,NA,"below wind"
"252",706,"REMIND-MAgPIE 2.1-4.2_EN_NPi2020_1000","2.0°C",315.1399,7698.3311,1.49547137139163,24.017389221173,2712.247,28.3630769837191,22.8421660216335,NA,"below nuclear"
"253",707,"REMIND-MAgPIE 2.1-4.2_EN_NPi2020_1000_COV","2.0°C",170.7077,8950.4873,0.810079835102161,26.9056048726767,1849.529,30.8823680208821,25.8851472073998,31.806580983296,"below nuclear"
"254",708,"REMIND-MAgPIE 2.1-4.2_EN_NPi2020_1000f","2.0°C",317.3834,7666.946,1.50611772249385,23.9282550437287,2711.9867,28.3660732948228,22.8014724590283,NA,"below nuclear"
"255",709,"REMIND-MAgPIE 2.1-4.2_EN_NPi2020_1000f_COV","2.0°C",254.3924,8998.5817,1.20719893386908,22.5128044512816,1937.8446,28.2066753551332,23.9114088066575,NA,"below wind"
"256",710,"REMIND-MAgPIE 2.1-4.2_EN_NPi2020_1200","2.0°C",284.5633,7441.0932,1.3503725440629,20.7326845172207,1872.5243,28.0443979545665,23.3814630434941,NA,"below wind"
"257",711,"REMIND-MAgPIE 2.1-4.2_EN_NPi2020_1200f","2.0°C",83.0373,7425.8127,0.394046913474487,36.4581478503639,1858.951,33.4747470239227,28.7050468649621,38.4832537949885,"below solar"
"258",712,"REMIND-MAgPIE 2.1-4.2_EN_NPi2020_1400","2.0°C",56.1758,7680.5913,0.266577798193825,24.5367127304546,504.1076,36.0497951075872,30.0830196312043,42.448512673091,"below wind"
"259",713,"REMIND-MAgPIE 2.1-4.2_EN_NPi2020_1400f","2.0°C",56.1758,7680.5913,0.266577798193825,24.5367127304546,504.1076,36.0497951075872,30.0830196312043,42.448512673091,"below wind"
"260",714,"REMIND-MAgPIE 2.1-4.2_EN_NPi2020_1600","2.0°C",54.0547,8078.1611,0.256512286572291,17.6983982494594,275.7649,36.2531320206509,30.1411568532036,42.7766812651011,"below wind"
"261",715,"REMIND-MAgPIE 2.1-4.2_EN_NPi2020_1600f","2.0°C",54.0547,8078.1611,0.256512286572291,17.6983982494594,275.7649,36.2531320206509,30.1411568532036,42.7766812651011,"below wind"
"262",736,"REMIND-MAgPIE 2.1-4.2_NGFS2_Below 2°C","2.0°C",208.2794,7498.8564,0.988373354026661,27.749899357996,2411.3041,29.714658295624,25.731003216952,30.494215713727,"below nuclear"
"263",737,"REMIND-MAgPIE 2.1-4.2_NGFS2_Below 2°C - IPD-95th","2.0°C",243.3674,7297.6501,1.15488067182231,28.8627358429437,3072.8112,28.5672138566168,24.3464494323704,NA,"above"
"264",738,"REMIND-MAgPIE 2.1-4.2_NGFS2_Below 2°C - IPD-median","2.0°C",211.8021,7392.6625,1.00509004715248,29.6094177248413,2833.3215,29.5994592952453,25.5919993519,30.3711691351822,"below solar"
"265",739,"REMIND-MAgPIE 2.1-4.2_NGFS2_Delayed Transition","2.0°C",34.67,5926.038,0.164523731987438,48.863474791413,1852.8291,37.8042633159259,29.9583390275167,46.7758566576754,"above"
"266",753,"REMIND-MAgPIE 2.1-4.3_DeepElec_SSP2_ HighRE_Budg1300","2.0°C",148.3306,3363.6627,0.703891083932386,28.9528715383133,1885.9967,31.5268042958323,26.7913034335194,32.8155475494044,"below nuclear"
"267",756,"REMIND-MAgPIE 2.1-4.3_DeepElec_SSP2_def_Budg1300","2.0°C",305.7969,11494.601,1.45113490678365,22.541591655237,2334.8998,28.2657012725749,23.0116333518854,NA,"below wind"
"268",764,"WITCH 5.0_CO_2Deg2030","2.0°C",49.7003205695456,25280.0415387714,0.235848924749745,47.5384437444145,2428.908593706,36.6705598042051,30.2605060227938,43.6023851304506,"above"
"269",765,"WITCH 5.0_CO_Bridge","2.0°C",182.492572605821,10298.1017538111,0.866004012261266,26.7354142455649,1950.85540168662,30.5429764373946,25.8534346104464,31.3949398407825,"below nuclear"
"270",768,"WITCH 5.0_EN_INDCi2030_1000","2.0°C",47.1378807916741,14490.3356315319,0.223689070257432,47.72675713014,2333.25227299779,36.8782602061297,30.330739925121,44.1434134896048,"above"
"271",769,"WITCH 5.0_EN_INDCi2030_1000_NDCp","2.0°C",121.403451209668,15383.9451956885,0.576110437530123,34.0171303676499,2268.99833324852,32.3022770542089,27.3187626368354,35.1529262601563,"below solar"
"272",770,"WITCH 5.0_EN_INDCi2030_1000f","2.0°C",47.1378807916741,19572.1063885135,0.223689070257432,46.6344721641108,2166.36113521572,36.8782602061297,30.330739925121,44.1434134896048,"above"
"273",771,"WITCH 5.0_EN_INDCi2030_1000f_NDCp","2.0°C",121.403451209668,20553.5301077758,0.576110437530123,33.5266380886394,2187.30919340851,32.3022770542089,27.3187626368354,35.1529262601563,"below solar"
"274",772,"WITCH 5.0_EN_INDCi2030_1200","2.0°C",47.1378807916741,16446.5361491929,0.223689070257432,45.2069953881278,1964.47019941587,36.8782602061297,30.330739925121,44.1434134896048,"above"
"275",773,"WITCH 5.0_EN_INDCi2030_1200_NDCp","2.0°C",121.403451209668,16461.7887117656,0.576110437530123,32.3441825965449,2001.1497650976,32.3022770542089,27.3187626368354,35.1529262601563,"below solar"
"276",774,"WITCH 5.0_EN_INDCi2030_1200f","2.0°C",47.1378807916741,18457.4794938234,0.223689070257432,45.9639457884271,2069.31212974262,36.8782602061297,30.330739925121,44.1434134896048,"above"
"277",775,"WITCH 5.0_EN_INDCi2030_1200f_NDCp","2.0°C",121.403451209668,19428.8974440277,0.576110437530123,32.6328013584229,2045.22201143758,32.3022770542089,27.3187626368354,35.1529262601563,"below solar"
"278",776,"WITCH 5.0_EN_INDCi2030_1400","2.0°C",47.1378807916741,13640.5323875532,0.223689070257432,42.1697158840547,1590.16067442112,36.8782602061297,30.330739925121,44.1434134896048,"below solar"
"279",777,"WITCH 5.0_EN_INDCi2030_1400_NDCp","2.0°C",121.403451209668,13981.5053864276,0.576110437530123,29.8301833896398,1651.91515835603,32.3022770542089,27.3187626368354,35.1529262601563,"below nuclear"
"280",778,"WITCH 5.0_EN_INDCi2030_1400f","2.0°C",47.1378807916741,14450.1289047984,0.223689070257432,43.433699639701,1737.32895801072,36.8782602061297,30.330739925121,44.1434134896048,"below solar"
"281",779,"WITCH 5.0_EN_INDCi2030_1400f_NDCp","2.0°C",121.403451209668,15220.4228170174,0.576110437530123,29.5519948614836,1616.85874501652,32.3022770542089,27.3187626368354,35.1529262601563,"below nuclear"
"282",796,"WITCH 5.0_EN_INDCi2030_500f","1.5°C",47.1378807916741,20491.3367614104,0.223689070257432,48.6248228781359,2479.0401147302,36.8782602061297,30.330739925121,44.1434134896048,"above"
"283",797,"WITCH 5.0_EN_INDCi2030_600f","2.0°C",47.1378807916741,20360.0039476968,0.223689070257432,48.3949713163689,2440.96692980869,36.8782602061297,30.330739925121,44.1434134896048,"above"
"284",798,"WITCH 5.0_EN_INDCi2030_600f_NDCp","2.0°C",121.403451209668,21799.7737653296,0.576110437530123,35.1498749028601,2468.24072264237,32.3022770542089,27.3187626368354,35.1529262601563,"below solar"
"285",799,"WITCH 5.0_EN_INDCi2030_700f","2.0°C",47.1378807916741,20250.1763826586,0.223689070257432,48.3410590202861,2432.11331474546,36.8782602061297,30.330739925121,44.1434134896048,"above"
"286",800,"WITCH 5.0_EN_INDCi2030_700f_NDCp","2.0°C",121.403451209668,21641.992243354,0.576110437530123,35.1904532036671,2475.66155422897,32.3022770542089,27.3187626368354,35.1529262601563,"above"
"287",801,"WITCH 5.0_EN_INDCi2030_800","2.0°C",47.1378807916741,15608.818454117,0.223689070257432,51.1894401324266,2941.60694255411,36.8782602061297,30.330739925121,44.1434134896048,"above"
"288",802,"WITCH 5.0_EN_INDCi2030_800_NDCp","2.0°C",121.403451209668,16023.9510474406,0.576110437530123,37.7031550524961,2976.25365711931,32.3022770542089,27.3187626368354,35.1529262601563,"above"
"289",803,"WITCH 5.0_EN_INDCi2030_800f","2.0°C",47.1378807916741,20066.6006978263,0.223689070257432,48.1228001635978,2396.56486938154,36.8782602061297,30.330739925121,44.1434134896048,"above"
"290",804,"WITCH 5.0_EN_INDCi2030_800f_NDCp","2.0°C",121.403451209668,21465.6593352221,0.576110437530123,34.56346696155,2363.21216017616,32.3022770542089,27.3187626368354,35.1529262601563,"below solar"
"291",805,"WITCH 5.0_EN_INDCi2030_900","2.0°C",47.1378807916741,15938.4436398487,0.223689070257432,49.2122697267229,2578.78669130772,36.8782602061297,30.330739925121,44.1434134896048,"above"
"292",806,"WITCH 5.0_EN_INDCi2030_900_NDCp","2.0°C",121.403451209668,14717.095717417,0.576110437530123,35.7387214320943,2577.91488396518,32.3022770542089,27.3187626368354,35.1529262601563,"above"
"293",807,"WITCH 5.0_EN_INDCi2030_900f","2.0°C",47.1378807916741,19821.4583591818,0.223689070257432,47.3278918663762,2271.01393449343,36.8782602061297,30.330739925121,44.1434134896048,"above"
"294",808,"WITCH 5.0_EN_INDCi2030_900f_NDCp","2.0°C",121.403451209668,21224.4892597177,0.576110437530123,33.9718428641643,2261.34250954489,32.3022770542089,27.3187626368354,35.1529262601563,"below solar"
"295",813,"WITCH 5.0_EN_NPi2020_1400","2.0°C",257.792033205477,13288.9587428573,1.22333162329376,23.8237302726761,2184.28007754778,28.0955008733648,23.8413116374366,NA,"below wind"
"296",814,"WITCH 5.0_EN_NPi2020_1400f","2.0°C",260.253971879785,11744.8286688258,1.23501455777952,24.5391339817635,2335.90824881531,28.0149907889766,23.7990230507051,NA,"below nuclear"
"297",815,"WITCH 5.0_EN_NPi2020_1600","2.0°C",188.63331686009,11141.7569410871,0.895144426506803,15.5074403986143,797.476699653323,30.3571226380535,25.8755659154207,31.1804459667069,"below wind"
"298",816,"WITCH 5.0_EN_NPi2020_1600f","2.0°C",191.349548218224,9570.51167824878,0.908034086731248,17.0948519238584,927.268397019827,30.268296698503,25.8853552409614,31.0855690327771,"below wind"
"299",836,"WITCH-GLOBIOM 4.4_CD-LINKS_INDC2030i_1600","2.0°C",127.451684749088,16319.416161061,0.604811849524267,35.9671737459145,2752.23987908608,32.1280944705778,27.4541964971421,34.6279166342663,"above"
"300",837,"WITCH-GLOBIOM 4.4_CD-LINKS_NDC2030i_1000","1.5°C",127.451684749088,17858.7825087424,0.604811849524267,35.21311668141,2603.35752717029,32.1280944705778,27.4541964971421,34.6279166342663,"above"
